"","solID","mape","decomp.rssd","nrmse","nrmse_test","nrmse_train","nrmse_val","facebook_S_thetas","newsletter_thetas","ooh_S_thetas","print_S_thetas","search_S_thetas","tv_S_thetas","facebook_S_alphas","newsletter_alphas","ooh_S_alphas","print_S_alphas","search_S_alphas","tv_S_alphas","facebook_S_gammas","newsletter_gammas","ooh_S_gammas","print_S_gammas","search_S_gammas","tv_S_gammas","cluster","n","top_sol"
"1","1_282_1",0,0.626050866079742,0.100087937151928,0.132537822813707,0.0763180899679829,0.100087937151928,0.361978281503995,0.313059535178004,0.319158437220999,0.274122458993737,0.36982397043984,0.251016013611597,0.915598424126335,0.382040302289956,0.327704679349973,0.485145165846536,0.574879997108332,0.874618291472368,0.211922804071506,0.643136529095824,0.229341616851211,0.44028491194613,0.39044028599335,0.0554447626521533,2,26,FALSE
"2","1_312_1",0,0.538352145935875,0.0723432682009972,0.108185688323878,0.0554365350167504,0.0723432682009972,0.361978281503995,0.313059535178004,0.319158437220999,0.274122458993737,0.318903613265104,0.132843704519392,0.822766443950647,0.382040302289956,0.327704679349973,0.485145165846536,0.486444432621218,0.922150525309252,0.211922804071506,0.643136529095824,0.229341616851211,0.44028491194613,0.42977834812946,0.0753414053718836,2,26,FALSE
"3","1_326_1",0,0.484158155082333,0.187153396335885,0.0694889126968754,0.0646332291758126,0.187153396335885,0.461324918580145,0.421152543271989,0.780895970294131,0.568718436632396,0.475859191980847,0.334051381085046,0.753825278618462,0.211569581832508,0.022842758380686,0.896721093796802,0.438774563920875,0.691270956404279,0.14605798689302,0.405477516850496,0.253035471645869,0.582114528836483,0.363627253129001,0.0270171133211002,2,26,FALSE
"4","1_336_1",0,0.509173756940788,0.116126196673497,0.145632457577717,0.0917466883396873,0.116126196673497,0.27693930954947,0.536278191581713,0.795969040978047,0.422833425785093,0.420904673362784,0.367938380729807,0.939068821092992,0.689644541278156,0.0338868329581211,0.840009713551865,0.561681646464579,0.67060048060849,0.727374136018038,0.886017061394967,0.0762453304128637,0.597231734624837,0.388102235514234,0.0359353285671882,1,41,FALSE
"5","1_349_1",0,0.454502254459826,0.282905216317439,0.109490440111776,0.115982529673281,0.282905216317439,0.153648147584802,0.686886047928512,0.982770802639321,0.304117065520343,0.428662722234792,0.114700450019254,0.872989149173991,1,0.101747123727821,0.852287152009146,0.699625602514537,0.953424795591787,0.959203909820944,0.831468883923584,0.359291351469598,0.514231607702232,0.283359631167484,0.0265060203632815,1,41,FALSE
"6","1_352_1",0,0.584978676992689,0.0955733159361841,0.11683468186918,0.0658141664559848,0.0955733159361841,0.470777859683634,0.148123936293544,0.190037335356883,0.608111214635193,0.391131881483125,0.382965492225022,0.826905517425286,0.113369455575436,0.2615519628291,0.438925058098365,0.499570646674153,0.660052016952503,0.0732787974050395,0.707992596450253,0.0120007314433982,0.521574428200819,0.123147700221406,0.0277926317102777,2,26,FALSE
"7","1_356_1",0,0.507522699067037,0.118034834628907,0.136619036065084,0.0868719563661176,0.118034834628907,0.313816431313837,0.513253061985792,0.780895970294131,0.568718436632396,0.431895577109334,0.361160980777616,0.902020112660267,0.594029549342175,0.0316780180299638,0.896721093796802,0.438774563920875,0.674734575721303,0.611110906172332,0.789909152553955,0.253035471645869,0.582114528836483,0.383207239059581,0.034151685520009,1,41,FALSE
"8","1_360_1",0,0.665261294460247,0.0984793910161328,0.124195744612347,0.0719763522746915,0.0984793910161328,0.396913034233489,0.195783189985724,0.694517146640375,0.756498155302622,0.33173769550753,0.00287900585005509,0.776947706051152,0.222434764388658,0.882581557919456,0.837562331650202,0.436548391764804,0.913260679059527,0.083752769266171,0.556834114318779,0.353478586106845,0.763042469415557,0.399006705380621,0.116963421770161,2,26,FALSE
"9","1_366_1",0,0.508402589216686,0.116444602331746,0.145462710818123,0.0918426676637707,0.116444602331746,0.27693930954947,0.536278191581713,0.795969040978047,0.650807287477947,0.420904673362784,0.367938380729807,0.939068821092992,0.689644541278156,0.0338868329581211,0.840009713551865,0.533298672091027,0.67060048060849,0.727374136018038,0.886017061394967,0.0762453304128637,0.597231734624837,0.388102235514234,0.0359353285671882,1,41,FALSE
"10","1_372_1",0,0.619364852397703,0.102459223021171,0.128680094705789,0.0749425286949187,0.102459223021171,0.361978281503995,0.313059535178004,0.319158437220999,0.274122458993737,0.295407886197083,0.500350669654462,0.822766443950647,0.382040302289956,0.327704679349973,0.485145165846536,0.486444432621218,0.510551592542382,0.211922804071506,0.643136529095824,0.229341616851211,0.44028491194613,0.42977834812946,0.0638301333147716,2,26,FALSE
"11","1_379_1",0,0.428897871124826,0.259955405721757,0.171272631246635,0.10557034042697,0.259955405721757,0.271654937397848,0.613205633023494,0.982770802639321,0.304117065520343,0.463833614109064,0.093012770253579,0.754433282044182,0.694032025898563,0.0946789160147338,0.852287152009146,0.699625602514537,0.966653900138168,0.587161574376792,0.523923575428699,0.359291351469598,0.514231607702232,0.267695642423021,0.0207983626000775,1,41,FALSE
"12","1_380_1",0,0.609881176871331,0.100083116688537,0.123642809211948,0.0704823196391724,0.100083116688537,0.381246874814823,0.296562955839611,0.364977654329732,0.364178100270959,0.321057919639371,0.100652881642591,0.847935284589202,0.29412242201403,0.370024901242974,0.508064511660952,0.429666169819671,0.917528093930303,0.307247128955702,0.47348402836846,0.390620964409693,0.425851989681032,0.406441537186212,0.0733361232626047,2,26,FALSE
"13","1_386_1",0,0.505979271816294,0.11836468471333,0.136552344217247,0.0869844885845898,0.11836468471333,0.313816431313837,0.513253061985792,0.780895970294131,0.79669229832525,0.431895577109334,0.361160980777616,0.902020112660267,0.594029549342175,0.0316780180299638,0.896721093796802,0.410391589547323,0.674734575721303,0.611110906172332,0.789909152553955,0.253035471645869,0.582114528836483,0.383207239059581,0.034151685520009,1,41,FALSE
"14","1_390_1",0,0.386084901452853,0.11178289787136,0.0458283157335356,0.0563468346532847,0.11178289787136,0.248083394123516,0.657117799565211,0.832162000524084,0.505859136469651,0.45470371838211,0.0666310036166784,0.813347320866621,0.756179749945652,0.257468735682344,0.837562331650202,0.71695285192705,0.862683464542075,0.662671198022154,0.639953366507188,0.424627357681405,0.574276161263765,0.125621482553259,0.0590860930522931,1,41,FALSE
"15","1_396_1",0,0.480831721525503,0.0879591106021247,0.125133153506627,0.0636978280145384,0.0879591106021247,0.27693930954947,0.536278191581713,0.795969040978047,0.422833425785093,0.420904673362784,0.367938380729807,0.838491620870441,0.689644541278156,0.0338868329581211,0.840009713551865,0.561681646464579,0.67060048060849,0.727374136018038,0.886017061394967,0.0762453304128637,0.597231734624837,0.388102235514234,0.0359353285671882,1,41,FALSE
"16","1_397_1",0,0.488559600298961,0.0903782804846648,0.124543979357712,0.0695920381090106,0.0903782804846648,0.508680080166733,0.600155160013727,0.830960469977944,0.804529126482113,0.413382813295617,0.194357013320062,0.886741054237208,0.244877682733523,0.041616060205426,0.958314611574585,0.560506884730682,0.581020304152659,0.232083231020487,0.44367396713122,0.0970756597154723,0.718583136718829,0.308693104731892,0.0288339331995671,1,41,FALSE
"17","1_399_1",0,0.438307555226672,0.14289146405568,0.100758161718651,0.0958293804463461,0.14289146405568,0.205133899403089,0.783452899215636,0.502576977876031,0.642904024691405,0.516012939874688,0.291674852716106,0.8451470980302,0.917641313301131,0,0.977492108511398,0.737177841425034,0.658776310821048,1,0.734852765865206,0.00316288497139581,0.715021573879868,0.130974955942984,0.0259691962364784,1,41,FALSE
"18","1_402_1",0,0.354649252715432,0.110451490638957,0.042918145451405,0.0569716163864213,0.110451490638957,0.270862371620496,0.588306146709778,0.729561287890294,0.274122458993737,0.427543697266957,0.0798735437925732,0.815231145462699,0.681351860391087,0.271515924409535,0.485145165846536,0.486444432621218,0.874576876741856,0.572521519211322,0.640589999070171,0.385570209488557,0.44028491194613,0.186452855601319,0.0623371555121343,1,41,FALSE
"19","1_408_1",0,0.548596563525863,0.102293744496438,0.138160365354077,0.0781645486263738,0.102293744496438,0.293956650516468,0.469865891072571,0.834489780438684,0.513985736041983,0.420908344919547,0.602582281735878,0.861850621228276,0.657161891824411,0.138143173026415,0.927606144841059,0.62380765340587,0.500521029855829,0.779923336491772,1,0.201052803587561,0.719856320768687,0.598184003286546,0.0121242334283294,1,41,FALSE
"20","1_409_1",0,0.381495800651551,0.223271046581935,0.0896457483476386,0.0668487018730139,0.223271046581935,0.198128156869167,0.613205633023494,0.982770802639321,0.304117065520343,0.463833614109064,0.093012770253579,0.797043333947183,0.694032025898563,0.0946789160147338,0.852287152009146,0.699625602514537,0.966653900138168,0.86392850245978,0.523923575428699,0.359291351469598,0.514231607702232,0.267695642423021,0.0207983626000775,1,41,FALSE
"21","1_410_1",0,0.612084484498731,0.0996328002919578,0.123994908964807,0.0704406961788676,0.0996328002919578,0.381246874814823,0.296562955839611,0.328322280589091,0.292133587271341,0.319334474517019,0.126405539923116,0.847935284589202,0.29412242201403,0.370024901242974,0.489729035030804,0.475088780110385,0.921226038963945,0.307247128955702,0.47348402836846,0.261597486362907,0.437398327471229,0.425110985940811,0.0749403489459509,2,26,FALSE
"22","1_413_1",0,0.48405329089983,0.126540563591833,0.077944280954289,0.0733711524420173,0.126540563591833,0.278934183917505,0.593637054668442,0.765379037907397,0.597206939969558,0.448591602039951,0.114754419238169,0.813468984064321,0.62258041789066,0.18652413249056,0.809491652987293,0.45304268994268,0.705777914722857,0.470544229014585,0.661264689062739,0.325428644658005,0.585796996381647,0.297797447309113,0.140115486725116,1,41,FALSE
"23","1_416_1",0,0.613572872146742,0.0868355153912451,0.114754990997443,0.0622244530634834,0.0868355153912451,0.425238639372763,0.132900951358159,0.0831836632733614,0.37863642686004,0.254589938740716,0.361160980777616,0.844645416524384,0.184988905219494,0.313450351253717,0.567460351415205,0.471233863981701,0.674734575721303,0.00328145235911559,0.674528277830601,0.109097513673457,0.468650835324201,0.615124520270817,0.034151685520009,2,26,FALSE
"24","1_420_1",0,0.66673627510769,0.0984603788121491,0.124189856601147,0.0719824552804753,0.0984603788121491,0.396913034233489,0.195783189985724,0.694517146640375,0.756498155302622,0.33173769550753,0.00287900585005509,0.776947706051152,0.222434764388658,0.882581557919456,0.837562331650202,0.436548391764804,0.913260679059527,0.083752769266171,0.556834114318779,0.376646039869101,0.763042469415557,0.399006705380621,0.116963421770161,2,26,FALSE
"25","1_426_1",0,0.506241492367557,0.102692301674436,0.133522124842178,0.0705772115153844,0.102692301674436,0.208908131881431,0.536278191581713,0.795969040978047,0.422833425785093,0.502505521440928,0.556014121721379,0.851071762364822,0.935727932351588,0.0338868329581211,0.840009713551865,0.561681646464579,0.469360444801535,0.87149438608643,0.957712714531771,0.0762453304128637,0.597231734624837,0.354761345578806,0.0044104671275088,1,41,FALSE
"26","1_427_1",0,0.551203298577942,0.0902234630957992,0.125028699704552,0.0697493307101253,0.0902234630957992,0.391318641236543,0.370478660167157,0.830960469977944,0.804529126482113,0.413382813295617,0.194357013320062,0.886741054237208,0.354607778402095,0.270486955571745,0.958314611574585,0.560506884730682,0.581020304152659,0.232083231020487,0.603244016725531,0.0970756597154723,0.718583136718829,0.308693104731892,0.0288339331995671,1,41,FALSE
"27","1_428_1",0,0.518146704982504,0.108347241472125,0.138703647809359,0.0818885829092563,0.108347241472125,0.313016510811493,0.347076826308933,0.752082394837575,0.446374539238543,0.418565670927179,0.409695497267928,0.853664669625474,0.625455852436036,0.0386753847036678,0.83793143370763,0.549938144653888,0.620896610640492,0.679050949902301,0.879252924093378,0.070239533371631,0.613627237601474,0.409481863261225,0.0412621517652291,1,41,FALSE
"28","1_429_1",0,0.486261401846327,0.0845376149056577,0.132594814219696,0.0632652168677388,0.0845376149056577,0.205133899403089,0.783452899215636,0.502576977876031,0.642904024691405,0.35832547858702,0.164609934158735,0.8451470980302,0.917641313301131,0,0.977492108511398,0.737177841425034,0.869475682411611,1,0.734852765865206,0.00316288497139581,0.715021573879868,0.370017669624985,0.0654669635448025,1,41,FALSE
"29","1_432_1",0,0.459090891431384,0.111775245090464,0.0423083470480978,0.0556039440693448,0.111775245090464,0.361978281503995,0.313059535178004,0.319158437220999,0.274122458993737,0.318903613265104,0.065054592214843,0.822766443950647,0.382040302289956,0.327704679349973,0.485145165846536,0.486444432621218,0.926231480680757,0.211922804071506,0.643136529095824,0.229341616851211,0.44028491194613,0.42977834812946,0.0728375589539028,2,26,FALSE
"30","1_438_1",0,0.506680602770351,0.120935170595266,0.0583234108877449,0.0600760007783468,0.120935170595266,0.275481227357923,0.564618095582336,0.834489780438684,0.513985736041983,0.420908344919547,0.184415291357995,0.824555040636542,0.676513866701177,0.244841374158251,0.927606144841059,0.62380765340587,0.500521029855829,0.614001882708816,0.712471999210881,0.201052803587561,0.719856320768687,0.598184003286546,0.0522945710994503,1,41,FALSE
"31","1_439_1",0,0.460276428371322,0.17989873545862,0.0867898331699917,0.0593739508654323,0.17989873545862,0.198871200553125,0.791025810079659,0.545489540331659,0.456177859401948,0.384738324883581,0.0568617686554308,0.797043333947183,0.866285311204665,0.209039056367879,0.668559478982532,0.669477622617722,0.951905758381133,0.86392850245978,0.496325277872812,0.321848481590571,0.549306122523257,0.188233760254261,0.0776547049077375,1,41,FALSE
"32","1_440_1",0,0.640665418781892,0.0997046109622717,0.124119041999029,0.070544894075159,0.0997046109622717,0.381246874814823,0.296562955839611,0,0.292133587271341,0.321057919639371,0.100652881642591,0.847935284589202,0.29412242201403,0.381119727832967,0.489729035030804,0.475088780110385,0.917528093930303,0.307247128955702,0.47348402836846,0.136614612253031,0.437398327471229,0.406441537186212,0.0733361232626047,2,26,FALSE
"33","1_442_1",0,0.597597532583476,0.10972993590613,0.142821143160627,0.0822990654887135,0.10972993590613,0.470777859683634,0.830569731742566,0.289766218142359,0.930970715260456,0.309512184176416,0.23401525846033,0.865431543901037,0.113369455575436,0.172237783276109,0.734224138964503,0.890243129542649,0.869920474265294,0.854591043607709,0.852449392403919,0.241061809616779,0.896121474291049,0.467495527052775,0.060458392096187,1,41,FALSE
"34","1_443_1",0,0.480710782354261,0.222460178789901,0.085266834856836,0.0707834135689978,0.222460178789901,0.278934183917505,0.593637054668442,0.68359863534303,0.219770581689338,0.437064497436646,0.120302551107287,0.813468984064321,0.62258041789066,0.18652413249056,0.266122825174577,0.419574313010822,1,0.470544229014585,0.661264689062739,0.325428644658005,0.343829870777795,0.0474022700125463,0.0990142832658417,2,26,FALSE
"35","1_444_1",0,0.55318502774736,0.0788759079517252,0.114139032334871,0.0600723204089405,0.0788759079517252,0.344671462174203,0.358907882691672,0.400527954760785,0.339386327873747,0.324431882350651,0.112534905930313,0.820722025612489,0.389853836441892,0.271809242028335,0.539285838490882,0.491909423613597,0.934266688382865,0.148076068628021,0.681084087796418,0.203778417994264,0.478928418284868,0.396821317560475,0.0777376016610244,2,26,FALSE
"36","1_446_1",0,0.608499204426784,0.0879644276100486,0.112906672945202,0.0625132055447493,0.0879644276100486,0.425238639372763,0.120910416365332,0.453550930416054,0,0.254589938740716,0.361160980777616,0.844645416524384,0.184988905219494,0.542066553197532,0.107730648956686,0.282815591875,0.674734575721303,0.00328145235911559,0.574004665384123,0.511218655893731,0.226168767096636,0.615124520270817,0.034151685520009,2,26,FALSE
"37","1_450_1",0,0.556766808155306,0.0956116487469886,0.131729458061124,0.0715864218706106,0.0956116487469886,0.243489726348285,0.665918957347645,0.540965011575245,0.66562285074717,0.353007921971122,0.00287900585005509,0.776947706051152,0.778600003588913,0.176516311587692,0.94950615309639,0.677051951542464,0.913260679059527,0.083752769266171,0.699249035555921,0.0778595159402132,0.724625752987006,0.375815476776112,0.116963421770161,1,41,FALSE
"38","1_452_1",0,0.46103503307902,0.102006256502932,0.124138964684514,0.0688787411313905,0.102006256502932,0.432545827999946,0.747232174953688,0.84588657355516,0.456285057296456,0.542427970204467,0.0354993527966993,0.805080480274922,0.328265099369383,0.00819618437566183,0.840488584720361,0.552345441985111,0.4145733187954,0.254454008515363,0.570062984485055,0.206320519606475,0.605525102589447,0.268234034738601,0.096458368234138,1,41,FALSE
"39","1_454_1",0,0.47832091448059,0.113402903262564,0.131398575158063,0.0804226201676266,0.113402903262564,0.278905696953657,0.571610165161534,0.97153636431527,0.771860686378963,0.456100249182104,0.345636380666183,0.829297424742496,0.67676794144621,0.0516709016458941,0.894078905189187,0.427295889236681,0.672672177756122,0.692941562935799,0.576920884797028,0.413349777163667,0.588442116958995,0.234227657290895,0.0384247772711934,1,41,FALSE
"40","1_456_1",0,0.496519518706,0.0980975841943803,0.138414513883761,0.0760273372735311,0.0980975841943803,0.27693930954947,0.536278191581713,0.889029269483113,0.568563504449428,0.512812091643979,0.332439027909869,0.838491620870441,0.689644541278156,0.0338868329581211,0.937769487678389,0.614402453930956,0.302597634251326,0.727374136018038,0.886017061394967,0.0762453304128637,0.729423887117609,0.453527178824059,0.063232298771291,1,41,FALSE
"41","1_457_1",0,0.529791811136201,0.0953902253725168,0.126771709923684,0.0708522048342473,0.0953902253725168,0.520665406319219,0.497619482806301,0.514579072277454,0.525933871111428,0.429706871552401,0.109647013506066,0.886741054237208,0.0721383695144542,0.0598311635383111,0.864053790091205,0.553977730534225,0.485921634813459,0.232083231020487,0.546822404989555,0.0594886735318023,0.628136709349678,0.470986242714985,0.0933368811435614,2,26,FALSE
"42","1_458_1",0,0.520026730978305,0.100778941931432,0.135917764468567,0.0739133218417107,0.100778941931432,0.21612357215472,0.347076826308933,0.752082394837575,0.546510421953187,0.502037720976745,0.564365545052243,0.854106372136556,0.922890194676867,0.0386753847036678,0.83793143370763,0.619522717201867,0.459419670784763,0.881159023268173,0.879252924093378,0.070239533371631,0.613627237601474,0.359037271061024,0.00547583177323237,1,41,FALSE
"43","1_459_1",0,0.487382577936816,0.0845953427584189,0.132669731458978,0.0632531456658715,0.0845953427584189,0.205133899403089,0.783452899215636,0.502576977876031,0.642904024691405,0.413700053553908,0.164609934158735,0.8451470980302,0.917641313301131,0,0.977492108511398,0.737177841425034,0.873556637783116,1,0.734852765865206,0.00316288497139581,0.715021573879868,0.370017669624985,0.0629631171268217,1,41,FALSE
"44","1_460_1",0,0.645813507796866,0.0976320081273998,0.124001253978445,0.0707141379204666,0.0976320081273998,0.465340582867304,0.495436533121057,0.0544049472286993,0.290928831139322,0.546477647424408,0.19359936630385,0.801739608513707,0.189419529527204,0.371928777042378,0.602452786197762,0.512336899873626,0.366811379973911,0.0696432556971061,0.678132546753438,0.137530134976726,0.707819319720704,0.554493226395319,0.0729138570004142,2,26,FALSE
"45","1_462_1",0,0.536393541008226,0.071960828108754,0.107801906829505,0.0553053644048292,0.071960828108754,0.361978281503995,0.313059535178004,0.319158437220999,0.274122458993737,0.318903613265104,0.132843704519392,0.822766443950647,0.382040302289956,0.327704679349973,0.879022719914273,0.486444432621218,0.922150525309252,0.211922804071506,0.643136529095824,0.229341616851211,0.44028491194613,0.42977834812946,0.0753414053718836,2,26,FALSE
"46","1_463_1",0,0.535875265215468,0.104261222051212,0.130553609398036,0.0735155837835304,0.104261222051212,0.248862493136796,0.444012229084908,0.419271191236969,0.799241809422986,0.344410214686798,0.136526957795925,0.830900744139084,0.766497584227419,0.120103760294794,0.139649472501788,0.440468076905728,0.888360315332955,0.935354101031943,0.595786738226556,0.466746214275709,0.630687634022253,0.392765674393047,0.0751812484747178,1,41,FALSE
"47","1_468_1",0,0.447497028318107,0.121849687824808,0.0537362737535694,0.0605092138848698,0.121849687824808,0.275481227357923,0.469865891072571,0.834489780438684,0.513985736041983,0.426216626820413,0.184415291357995,0.824555040636542,0.657161891824411,0.138143173026415,0.927606144841059,0.513917076827625,0.79976570727196,0.614001882708816,1,0.201052803587561,0.719856320768687,0.268799085183151,0.0522945710994503,1,41,FALSE
"48","1_469_1",0,0.479792792227192,0.0838790615656407,0.123894061726044,0.0586401653954225,0.0838790615656407,0.198128156869167,0.778380025342749,0.323968066258558,0.72444180679531,0.232145112420409,0.253578966399938,0.867579639397092,0.694032025898563,0.0123788357036844,1,0.877533313244349,0.751164984394856,0.442007094044134,0.824498752995164,0.0256169677997068,0.762460757742324,0.430980172138486,0.0317401195738124,1,41,FALSE
"49","1_472_1",0,0.527690432265027,0.108556770735441,0.142314716113836,0.0821013011991604,0.108556770735441,0.470777859683634,0.830569731742566,0.942020425920158,0.190966710692317,0.309512184176416,0.23401525846033,0.865431543901037,0.113369455575436,0.172237783276109,0.407351828160882,0.890243129542649,0.869920474265294,0.854591043607709,0.852449392403919,0.241061809616779,0.405903700249049,0.467495527052775,0.060458392096187,1,41,FALSE
"50","1_473_1",0,0.483204962735871,0.126481050378485,0.0769927271205313,0.0729694809398397,0.126481050378485,0.278934183917505,0.593637054668442,0.765379037907397,0.597206939969558,0.448591602039951,0.147938575612669,0.813468984064321,0.62258041789066,0.18652413249056,0.809491652987293,0.45304268994268,0.705777914722857,0.470544229014585,0.661264689062739,0.325428644658005,0.585796996381647,0.297797447309113,0.0703087633162997,1,41,FALSE
"51","1_474_1",0,0.470763719043618,0.123265666449725,0.0722613618543328,0.0717367912662578,0.123265666449725,0.473158326614977,0.554186891495802,0.854772464618298,0.124860928363301,0.659570235871132,0.0810053139380662,0.812544352156222,0.336689541652601,0.223512116993294,0.411676706224402,0.231759126655683,0.62693443702621,0.148076068628021,0.475498248967808,0.473324133587088,0.353379894096922,0.0719640137636105,0.11910880074837,2,26,FALSE
"52","1_476_1",0,0.616147046636939,0.0864649237679157,0.118489724817669,0.0622427492954746,0.0864649237679157,0.185362881527056,0.132900951358159,0.0831836632733614,0.37863642686004,0.254589938740716,0.361160980777616,0.844645416524384,0.602367534215582,0.313450351253717,0.567460351415205,0.471233863981701,0.674734575721303,0.00328145235911559,0.941631661034363,0.109097513673457,0.468650835324201,0.615124520270817,0.034151685520009,2,26,FALSE
"53","1_478_1",0,0.626066931515553,0.0877483119622571,0.122729959131257,0.0637560177154658,0.0877483119622571,0.36324776143968,0.319171441067425,0.323668495916433,0.416265045828333,0.508437638832525,0.188613721342907,0.837129799231887,0.378572211501493,0.369086537065693,0.742084722927952,0.69462137344218,0.574180974094376,0.206623197581513,0.633202873262578,0.25921016068211,0.677940000038642,0.363566804710293,0.0614966053033782,2,26,FALSE
"54","1_482_1",0,0.504556858075733,0.105870028912663,0.133730189050793,0.0795203282025856,0.105870028912663,0.432545827999946,0.747232174953688,0.84588657355516,0.456285057296456,0.542427970204467,0,0.796959948083246,0.328265099369383,0.00819618437566183,0.840488584720361,0.552345441985111,0.4145733187954,0,0.570062984485055,0.206320519606475,0.605525102589447,0.268234034738601,0.096458368234138,2,26,FALSE
"55","1_483_1",0,0.386027319200038,0.110136301260253,0.0380819565034902,0.0537958434898674,0.110136301260253,0.0924486289973038,0.612024565209947,0.913301841861354,0.49306985178668,0.195087938618416,0.362438638182257,0.865873915789775,0.702594263917253,0.260777763119024,0.617449864189338,0.745135988106679,0.957137275551159,0.700657935582715,0.638910444461226,0.396665626516376,0.570376736539688,0.293866572000532,0,1,41,FALSE
"56","1_484_1",0,0.461136239581085,0.228988745087732,0.0904755182394923,0.0835990806605663,0.228988745087732,0.330498183807238,0.571610165161534,0.97153636431527,0.771860686378963,0.456100249182104,0.0373090297150018,0.796540273475722,0.627113634400096,0.0516709016458941,0.894078905189187,0.427295889236681,0.428134171733627,0.603084433128321,0.569397340481671,0.413349777163667,0.588442116958995,0.234227657290895,0.0764398091414152,1,41,FALSE
"57","1_486_1",0,0.607401360897726,0.0886586165524748,0.130625182004128,0.0637612101667701,0.0886586165524748,0,0.469734467779132,0.796775053125972,0.333292487966347,0.420904673362784,0.367938380729807,0.868517988935403,0.982473728253649,0.426055368974568,0.377687099048321,0.655724312287144,0.67060048060849,0.960455184247249,0.74475337958395,0.475981319110188,0.443555583663946,0.388102235514234,0.0359353285671882,1,41,FALSE
"58","1_487_1",0,0.447370464788779,0.114943438837624,0.0460100726039263,0.0567430254910277,0.114943438837624,0.508680080166733,0.609650684104679,0.896833567484672,0.555361706725767,0.238746913485042,0.328822313233058,0.886741054237208,0.244877682733523,0.216945422529969,0.685622813687772,0.708210167406741,0.881913881294632,0.232083231020487,0.44367396713122,0.336747633115982,0.600018016509871,0.296831878546804,0.00576678664072883,2,26,FALSE
"59","1_488_1",0,0.521623958808711,0.100616751693944,0.140334534817053,0.0735446710996171,0.100616751693944,0.21612357215472,0.347076826308933,0.752082394837575,0.718283365396905,0.502037720976745,0.564365545052243,0.854106372136556,0.922890194676867,0.0386753847036678,0.83793143370763,0.98016363088363,0.459419670784763,0.881159023268173,0.879252924093378,0.070239533371631,0.613627237601474,0.359037271061024,0.00547583177323237,1,41,FALSE
"60","1_489_1",0,0.300087874557305,0.116266817263388,0.0350341209529494,0.0515900824971229,0.116266817263388,0.173173054862817,0.783452899215636,0.502576977876031,0.162781208170686,0.384054314535251,0.183908559268422,0.819849757090345,0.73545954148175,0,0.977492108511398,0.430673254420273,0.965663730467071,0.864937888537815,0.510971905692538,0.00316288497139581,0.715021573879868,0.11347493836287,0.0375710214645103,1,41,TRUE
"61","1_490_1",0,0.642088012413311,0.107011334030427,0.131321174429583,0.0757564209736714,0.107011334030427,0.309297962273304,0.495436533121057,0.0544049472286993,0.45264164759073,0.312359577545183,0.0126856340249258,0.814998030004249,0.546024338484645,0.371928777042378,0.614450448569639,0.698576170509544,0.971264431552852,0.420903700041395,0.505753613707928,0.137530134976726,0.597865253175891,0.345991902857096,0.0968623517925159,2,26,FALSE
"62","1_492_1",0,0.351956684458745,0.113565222319203,0.0416045312046481,0.0545303215519592,0.113565222319203,0.342014199878031,0.317117834254305,0.462045566461322,0.153703171733676,0.440430974934039,0.077107378744461,0.784582538167431,0.415182314733079,0.31780161082757,0.861016406702007,0.128956385660909,0.910248679077723,0.550267439645748,0.392315051208468,0.229341616851211,0.402333564856166,0.175774161019394,0.080006126880365,2,26,TRUE
"63","1_493_1",0,0.437056387701389,0.115966104384905,0.0469051542861212,0.0574609534737841,0.115966104384905,0.248862493136796,0.444012229084908,0.81449571170965,0.554304243313941,0.224952393832092,0.317256302104991,0.858879281480364,0.766497584227419,0.120103760294794,0.521889785787676,0.684202405915964,0.943381883507518,0.747597168631156,0.595786738226556,0.466746214275709,0.582438915970556,0.313646392456642,0.0150362496977974,1,41,FALSE
"64","1_494_1",0,0.604473239020059,0.108177428512103,0.140568030073656,0.081719123842525,0.108177428512103,0.377468639240122,0.165713994362868,0.636363499642414,0.743814695516006,0.372504697977713,0.334188419557276,0.823016534283426,0.321391434972118,0.306062182882747,0.767785584700311,0.825330144192455,0.757580136521022,0.966051976223425,0.789059725492562,0.31092608787475,0.354674293065107,0.498087255590669,0.0484994160223713,1,41,FALSE
"65","1_495_1",0,0.443074446803797,0.118461485586573,0.0730491756777965,0.0662661100472466,0.118461485586573,0.470144615408001,1,0.931131449101628,0.618487145938891,0.290015325822724,0.293105435863642,0.875325893927276,0.314145302886448,0.183186395642675,0.284358407465751,1,0.735170705844192,0.64031243996103,0.54157207454255,0.465158657178942,0.634519866829519,0.275264132459824,0.0128537116644063,1,41,FALSE
"66","1_498_1",0,0.584553862631747,0.0834285801769244,0.127339331418615,0.0649764500788713,0.0834285801769244,0.416946312299032,0.480751813790224,0.0650673887745576,0.513985736041983,0.466172187949797,0.0951146219540717,0.801400733665454,0.456728439712968,0.0831507813426697,0.927606144841059,0.62380765340587,0.663525316285129,0.389277945825493,0.662322687726042,0.0106345110597875,0.719856320768687,0.598184003286546,0.0918218438481924,2,26,FALSE
"67","1_499_1",0,0.466959895366611,0.0842865366254092,0.118616882716794,0.0589134869476498,0.0842865366254092,0.198128156869167,0.778380025342749,0.323968066258558,0.489638727406056,0.105446187862098,0.372306331600555,0.867579639397092,0.694032025898563,0.0123788357036844,0.952451117189563,0.780195563118264,0.811960887443037,0.442007094044134,0.824498752995164,0.0256169677997068,0.850057934840306,0.307172894948328,0.00274429099226037,1,41,FALSE
"68","2_232_1",0,0.62313365117153,0.0808086154607578,0.103740804346947,0.0560295532737244,0.0808086154607578,0.684881116389052,0.321965350169015,0.92552460509512,0.519766372600848,0.63191139799228,0.44511264650239,0.502499584346011,0.684088016940774,0.696742553204879,0.836797679834327,0.945610088232081,0.137791219328516,0.0068379311454193,0.193022996171472,0.57382513356278,0.730870920390326,0.212196910146204,0.465902551108964,5,8,FALSE
"69","2_295_1",0,0.67811244866996,0.0827534037913076,0.108870381965703,0.0603586195789531,0.0827534037913076,0.201313784864193,0.661402687400091,0.756615823118775,0.385593204749262,0.502470587002103,0.558647240083387,0.0973348773096319,0.588269321104632,1,0.799793688241518,0,0.0991681840282633,0.501609245804729,0.255510309014214,0.923935421521632,0.519860403522301,0.255320061137034,0.32519734810041,5,8,FALSE
"70","2_355_1",0,0.699931199660346,0.0838851261521454,0.110593415228304,0.0606698937056199,0.0838851261521454,0.201313784864193,0.661402687400091,0.756615823118775,0.623122065175551,0.528368443931264,0.558647240083387,0.0973348773096319,0.588269321104632,1,0.538388019670178,0.566917917464444,0,0.501609245804729,0.255510309014214,0.923935421521632,0.836044727563602,0.0593575148021273,0.561483660606138,5,8,FALSE
"71","2_426_1",0,0.681329510824102,0.102309400600272,0.127357755058311,0.0746851423840656,0.102309400600272,0.458041185957007,0.687928927062873,0.64862260932037,0.461720524756435,0.613705280677235,0.438538792597544,0.441884801675627,0.576356952451323,0.826760313414103,0.787001159534988,0.810593085430965,0.179800239087334,0.16216563441082,0.233530012221962,0.870885744559143,0.708977692401507,0.23428015977555,0.430526813290391,5,8,FALSE
"72","2_445_1",0,0.645612846926952,0.0808407689462508,0.107659102781228,0.0595599506681373,0.0808407689462508,0.201313784864193,0.661402687400091,0.756615823118775,0.385593204749262,0,0.289516713398792,0.0973348773096319,0.588269321104632,1,0.799793688241518,0,0.218538533038424,0.501609245804729,0.255510309014214,0.923935421521632,0.519860403522301,0.173432499169402,0.193243248820658,5,8,FALSE
"73","2_456_1",0,0.669564399483149,0.102353975633997,0.127265779579968,0.0746255019644354,0.102353975633997,0.458041185957007,0.687928927062873,0.739218669175776,0.461720524756435,0.613705280677235,0.438538792597544,0.441884801675627,0.576356952451323,0.826760313414103,0.787001159534988,0.810593085430965,0.179800239087334,0.16216563441082,0.233530012221962,0.636700780604446,0.708977692401507,0.23428015977555,0.430526813290391,5,8,FALSE
"74","2_486_1",0,0.542493165149854,0.0856520340916402,0.107917140315005,0.0597006309357456,0.0856520340916402,0.458041185957007,0.655113731120312,0.505561651289546,0.055790618611766,0.453742140498639,0.124958291798226,0.441884801675627,0.576356952451323,0.270906482676504,0.221896001161004,0.152436469460526,0.185704191425418,0.16216563441082,0.352917017786986,0.839981748875786,0.855419095380317,0.162188148403594,0.305081314473957,5,8,TRUE
"75","2_491_1",0,0.584920152425916,0.11102762934712,0.129214232943321,0.0790359416526238,0.11102762934712,0.889682065550861,0.611500596257156,0.782777905170216,0.138660798299135,0.116591924459268,0.195643604649183,0.152165759061437,0.727871249624645,0.28653519267679,0.335272712063217,0.402487660525772,0.250804038470273,0.145138155776785,0.182574316672653,1,0.822544902295074,0,0.262289416225266,5,8,FALSE
"76","3_236_1",0,0.463059101048613,0.235637251181229,0.259965602270446,0.21540208332969,0.235637251181229,0.025320624161587,0.581505811074282,0.871992538849389,0.325548038143384,0.967828630194758,0.854057904918688,0.636557725221368,0.439256131140279,0.0920153311793138,0.518072693148279,0.839059227292552,0.444804131013012,0.106907751542025,0.818646881038879,0.340939637444093,0.394370625393317,0.7359415867426,0.921616144232251,3,10,FALSE
"77","3_278_1",0,0.456208640411021,0.22743275507352,0.261422972273478,0.212815613644474,0.22743275507352,0.367454698906398,0.469070979870349,0.974687967767883,0.757396940923378,0.977922336237395,0.889342549456449,0.942136430177946,0.0336402345027043,0.0819822431399612,0.706681574138803,0.832497089251404,0.401071763497171,0.381332830985697,0.920011201637276,0.0570796077608152,0.0755304148797668,0.443489329136298,1,3,10,FALSE
"78","3_294_1",0,0.478677412611139,0.166211576209279,0.133375043358562,0.117369030788258,0.166211576209279,0.746747527022434,0.00349619275240423,0.552265773739551,1,0.0699770559239629,1,0.992447654196945,0.925613540656466,0.0539201558265144,0.674463849488169,0.416509994404209,0.791134810232456,0.460355565244234,0,0.509588179222742,0.276001032346084,0.0324014253753031,0.393869700494793,4,16,FALSE
"79","3_305_1",0,0.483995982411548,0.190877221250072,0.172789793352457,0.157955054943266,0.190877221250072,0.366511573706381,0.302729054250409,0.877656208924564,0.650739405505233,0.976948176450849,0.470523133116553,0.797809367395448,0.134452952373084,0.0385962439975832,0.387866816797363,0.735864546331275,0.675108309701771,0.676706921312807,0.560531564154144,0.215187431313442,0.510836484772841,0.730530749390201,0.354015722167988,3,10,TRUE
"80","3_308_1",0,0.457509718458204,0.227296856587673,0.261305832256914,0.212722413546453,0.227296856587673,0.367454698906398,0.469070979870349,0.974687967767883,0.757396940923378,0.977922336237395,0.827493034207719,0.942136430177946,0.0336402345027043,0.0819822431399612,0.706681574138803,0.832497089251404,0.327272422590364,0.381332830985697,0.920011201637276,0.0570796077608152,0.0755304148797668,0.443489329136298,0.81789469726156,3,10,FALSE
"81","3_315_1",0,0.525397287925007,0.123562728791352,0.072018802952379,0.0713984591978474,0.123562728791352,0.662416543544018,0.237150981341051,0.739069860917596,0.927694393097755,0.697188725592969,0.270601806190208,0.434401161027406,0.721602835704354,0.254526259758648,0.370517880857748,0.5124074260242,0.429141619160584,0.941956311286998,0.478525012440744,0.473972412371396,0.266431199144014,1,0.385988076451159,4,16,FALSE
"82","3_343_1",0,0.522753263121985,0.123749171158384,0.0683743583132399,0.0674435665542354,0.123749171158384,1,0.087759219175453,1,0.603545944142435,0.360418501170369,0.0391065680994471,0.339411279734708,0.52601152971974,0.370233707298665,0,0.465946329279798,0.602146500253252,0.824037281030467,0.752378561353005,0.161523126547113,0.238672672825173,0.255583054792777,0.0121544228909788,4,16,FALSE
"83","3_345_1",0,0.481058509372389,0.119509388093534,0.0678034097215366,0.0687746420227625,0.119509388093534,0.932483308708804,0.117637571630581,0.947813972156692,0.668375633933499,0.42777254605489,0.0854056157106275,0.358409255951793,0.565129790822961,0.254526259758648,0.0741035761245045,0.475238548579203,0.567545524034719,0.84762108714388,0.697607851547925,0.224012983738779,0.244224378023296,0.404466443811828,0.0869211535968995,4,16,FALSE
"84","3_347_1",0,0.515273525561689,0.119354129357459,0.060649427801539,0.066881561027548,0.119354129357459,0.711648365203149,0.266554014086239,0.67069821958047,0.661830887449801,0.399931926491014,0.209152287116235,0.227654633823337,0.722148522746286,0.305521590856995,0.317851911484954,0.328934545394776,0.759555056360858,0.703572240587935,0.452887273528942,0.563755643364134,0.738721484921823,0.552177117339973,0.167951484926077,4,16,FALSE
"85","3_361_1",0,0.481840800956203,0.224554328216232,0.255226106795289,0.208769154906843,0.224554328216232,0.715844079026434,0.328544425195731,0.95316447049385,0.823335223460679,0.284556965412102,0.835263185173542,0.555099353781612,0.0467365009884969,0.180470397999775,0.557636372127671,0.891014917196893,0.496517017745922,0.756729253196927,0.787278021817382,0.0734172837089899,0.150958697811845,0.547826896640981,0.946068404662074,3,10,FALSE
"86","3_375_1",0,0.464547323400167,0.119375991408456,0.0678869616119426,0.0687966354221848,0.119375991408456,0.932483308708804,0.153745457740192,0.947813972156692,0.668375633933499,0.42777254605489,0.0854056157106275,0.358409255951793,0.565129790822961,0.171530405355634,0.0741035761245045,0.475238548579203,0.567545524034719,0.84762108714388,0.676975324447474,0.285878371755339,0.244224378023296,0.404466443811828,0.0869211535968995,4,16,FALSE
"87","3_377_1",0,0.514583916574156,0.119848543986202,0.0602563872170131,0.0668460464399399,0.119848543986202,0.416935801312632,0.266554014086239,0.67069821958047,0.661830887449801,0.399931926491014,0.209152287116235,0.227654633823337,0.861455480428943,0.305521590856995,0.317851911484954,0.328934545394776,0.759555056360858,0.473393442529291,0.452887273528942,0.563755643364134,0.738721484921823,0.552177117339973,0.167951484926077,4,16,FALSE
"88","3_395_1",0,0.471443336224896,0.225732038393774,0.25520157679285,0.207912141535122,0.225732038393774,0.610644315398056,0.302729054250409,0.877656208924564,0.741301231048866,1,0.706581329003561,0.986774574402728,0.134452952373084,0.0385962439975832,0.387866816797363,0.930213783264395,0.302271446830834,0.521315904634393,0.560531564154144,0.215187431313442,0.167697670780103,0.382729074364563,0.805978879349872,3,10,FALSE
"89","3_396_1",0,0.461985034150123,0.225118901257712,0.251693021383635,0.210835887100239,0.225118901257712,0.546452306368537,0.123430903680123,0.85569189698232,0.723571512548202,0.962670479331465,0.739402030611395,1,0.517565974452292,0.0557569325145128,0.452767870434478,0.945813107725778,0.179971920463964,0.519362335450621,0.468857481565212,0.0327940157940357,0.268006576961444,0.421456969448563,0.75961243871651,3,10,FALSE
"90","3_403_1",0,0.525208209821681,0.123726429759329,0.0679524268461999,0.067654097786609,0.123726429759329,1,0.087759219175453,1,0.682470038675427,0.426503222602729,0.0391065680994471,0.339411279734708,0.52601152971974,0.370233707298665,0,0.382727289964561,0.692306120863682,0.824037281030467,0.752378561353005,0.161523126547113,0.0891331073052006,0.392315653735813,0.0121544228909788,4,16,FALSE
"91","3_405_1",0,0.466515701840413,0.119366197643283,0.0682663769663679,0.0683669009085465,0.119366197643283,0.932483308708804,0.153745457740192,0.947813972156692,0.668375633933499,0.42777254605489,0.0359260035232633,0.358409255951793,0.565129790822961,0.171530405355634,0.0741035761245045,0.475238548579203,0.508506051286101,0.84762108714388,0.676975324447474,0.285878371755339,0.244224378023296,0.404466443811828,0.0461376217238387,4,16,FALSE
"92","3_407_1",0,0.514519454808141,0.119893931138707,0.0605368831939427,0.0671462615844201,0.119893931138707,0.416935801312632,0.266554014086239,0.67069821958047,0.661830887449801,0.399931926491014,0.209152287116235,0.227654633823337,0.861455480428943,0.305521590856995,0.320029284617961,0.328934545394776,0.759555056360858,0.473393442529291,0.452887273528942,0.563755643364134,0,0.552177117339973,0.167951484926077,4,16,FALSE
"93","3_410_1",0,0.45795981838412,0.222840408362507,0.24883311286027,0.204407584288105,0.222840408362507,0.572117068697406,0.340847298486584,0.91229850296896,0.722537796730493,0.972114182314224,0.707245114038166,0.830244855079448,0,0.00610542359130151,0.405988819429128,0.901716469736305,0.288091317467425,0.583853529171886,0.598204668071035,0.169971983456721,0.50682894584728,0.488041826323586,0.684334280746995,3,10,FALSE
"94","3_425_1",0,0.472185659935526,0.226865740388602,0.25579796757501,0.209336973048489,0.226865740388602,0.610644315398056,0.302729054250409,0.877656208924564,0.741301231048866,0.39544872825366,0.39091456476461,0.986774574402728,0.134452952373084,0.0385962439975832,0.387866816797363,0.930213783264395,0.999234848414324,0.521315904634393,0.560531564154144,0.215187431313442,0.167697670780103,0.490739299121717,0.286603343881043,3,10,FALSE
"95","3_437_1",0,0.405428942578436,0.119467432397182,0.0609947631364001,0.06731237596381,0.119467432397182,0.416935801312632,0.266554014086239,0.865574885453114,0.661830887449801,0.399931926491014,0.209152287116235,0.227654633823337,0.861455480428943,0.0194971642791114,0.320029284617961,0.328934545394776,0.759555056360858,0.473393442529291,0.452887273528942,0.00136644070121414,0,0.552177117339973,0.167951484926077,4,16,TRUE
"96","3_440_1",0,0.464376850451984,0.221736518771843,0.247023362772838,0.203679075460719,0.221736518771843,0.803656941349477,0.340847298486584,0.91229850296896,0.722537796730493,0.972114182314224,0.707245114038166,0.557380073521543,0.21504328108134,0.00610542359130151,0.405988819429128,0.901716469736305,0.288091317467425,0.916979896482648,0.840491633884384,0.169971983456721,0.50682894584728,0.488041826323586,0.684334280746995,3,10,FALSE
"97","3_465_1",0,0.535805832612074,0.120157969697553,0.0678575441552203,0.0687631485558409,0.120157969697553,0.849309135394501,0,0.846552177178754,0.668375633933499,0.42777254605489,0.0854056157106275,0.358409255951793,0.425822833140304,0.647453183042491,0.0816360176562414,0.475238548579203,0.567545524034719,0.84762108714388,0.899609296390224,0,0.25928351696618,0.404466443811828,0.0869211535968995,4,16,FALSE
"98","3_471_1",0,0.516441435638617,0.110378426848844,0.0430899130916822,0.057784930669399,0.110378426848844,0.887755071530209,0.062219181086273,0.658115067510396,0.602694344696689,0.267792569908199,0.300689453952118,0,0.419345694375662,0.829731502803509,0.0950396200040781,0.19105758959604,0.918701709498185,0.880892946788953,0.863921795693861,0.470141086029569,1,0.451322707191834,0.185667059069758,4,16,FALSE
"99","3_474_1",0,0.487035737884687,0.13429347292674,0.0856234307042623,0.08445363470907,0.13429347292674,0.368336700478628,0.168982233802344,0.704854249100878,0.734700507191118,0.0699770559239629,0.228740802888329,0.801729109989978,0.841188439381275,0.243696914773638,0.378894247489177,0.416509994404209,0.791134810232456,0.344955254495429,0.515789600760481,0.561793290045947,0.162543936220009,0.0324014253753031,0.393869700494793,4,16,FALSE
"100","3_495_1",0,0.456244509384488,0.119443576611223,0.0626506064934623,0.0670903821380942,0.119443576611223,0.932483308708804,0.153745457740192,0.947813972156692,0.668375633933499,0.42777254605489,0.223986642619864,0.358409255951793,0.565129790822961,0.171530405355634,0.0741035761245045,0.475238548579203,0.567545524034719,0.84762108714388,0.676975324447474,0.285878371755339,0.244224378023296,0.404466443811828,0.0869211535968995,4,16,FALSE
"101","3_497_1",0,0.417169016726204,0.119419166293752,0.0665990275968649,0.069268124383959,0.119419166293752,0.416935801312632,0.266554014086239,0.865574885453114,0.661830887449801,0.399931926491014,0.0705712602418578,0.227654633823337,0.861455480428943,0.0194971642791114,0.320029284617961,0.328934545394776,0.759555056360858,0.473393442529291,0.452887273528942,0.00136644070121414,0,0.552177117339973,0.167951484926077,4,16,FALSE
